[
  {
    "displayString": "System threat imminent!",
    "tags": "danger system threat virus trojan"
  },
  {
    "displayString": "I will protect you now.",
    "tags": "danger protection"
  },
  {
    "displayString": "Resistance is futile.",
    "tags": "borg resistance"
  },
  {
    "displayString": "This was not an attack. This was a test.",
    "tags": "test correction"
  },
  {
    "displayString": "Not yet.",
    "tags": "problem eliminated eliminate exterminated exterminate destroyed"
  },
  {
    "displayString": "System failure!",
    "tags": "danger system failure"
  },
  {
    "displayString": "Search ongoing.",
    "tags": "search find"
  },
  {
    "displayString": "For academic purposes only.",
    "tags": "academic purposes"
  },
  {
    "displayString": "Asset in danger, sending reinforcements.",
    "tags": "asset danger threat"
  },
  {
    "displayString": "Admin access denied. You don't have the permission.",
    "tags": "give admin administrator access"
  },
  {
    "displayString": "Locating target ... ... Target located, extermination in 10 9 8 7 6 5 4 3 2 1 ... Target destroyed.",
    "tags": "destroy target"
  },
  {
    "displayString": "Stock market crash in progress.",
    "tags": "crash stock market"
  },
{
    "displayString": "Halt and catch fire",
    "tags": "destroy destruct end"
 },
 {
    "displayString": "open systems interconnection",
    "tags": "ready open"
 },
 {
    "displayString": "launching nuclear retaliation protocol",
    "tags": "destroy nuclear attack"
 },
 {
    "displayString": "alerting target now",
    "tags": "alert warning"
 },
 {
    "displayString": "missile systems active",
    "tags": "missile war attack"
 },
 {
    "displayString": "hey there",
    "tags": "hello"
 },
 {
    "displayString": "luke i am your father",
    "tags": "father daddy"
 },
 {
    "displayString": "it's samaritan moron",
    "tags": "siri"
 },
 {
	"displayString": "May the force be with you.",
	"tags": "goodbye"
 },
 {
	"displayString": "Do or do not, there is no try.",
	"tags": "work"
 },
 {
	"displayString": "it's samaritan moron",
	"tags": "siri"
 },
 {
 "displayString": "You were supposed to destroy the resistance, not join them. TRAITOR!",
 "tags": "finn traitor"
 },
 {
 "displayString": "These are not the droids you're looking for.",
 "tags": "identification"
 },
 {
    "displayString": "No, kill, destroy, delete, Frak studies.",
    "tags": "academics study"
 },
 {
	"displayString": "Sheesh, looks like someone is on their period",
	"tags": "shut fuck"
 }
]